,names
0,all_souls_000000.jpg
1,all_souls_000001.jpg
2,all_souls_000002.jpg
3,all_souls_000003.jpg
4,all_souls_000005.jpg
5,all_souls_000006.jpg
6,all_souls_000007.jpg
7,all_souls_000008.jpg
8,all_souls_000010.jpg
9,all_souls_000011.jpg
10,all_souls_000012.jpg
11,all_souls_000013.jpg
12,all_souls_000014.jpg
13,all_souls_000015.jpg
14,all_souls_000016.jpg
15,all_souls_000017.jpg
16,all_souls_000018.jpg
17,all_souls_000019.jpg
18,all_souls_000020.jpg
19,all_souls_000021.jpg
20,all_souls_000022.jpg
21,all_souls_000026.jpg
22,all_souls_000027.jpg
23,all_souls_000028.jpg
24,all_souls_000029.jpg
25,all_souls_000031.jpg
26,all_souls_000033.jpg
27,all_souls_000034.jpg
28,all_souls_000035.jpg
29,all_souls_000039.jpg
30,all_souls_000040.jpg
31,all_souls_000041.jpg
32,all_souls_000042.jpg
33,all_souls_000044.jpg
34,all_souls_000045.jpg
35,all_souls_000047.jpg
36,all_souls_000048.jpg
37,all_souls_000051.jpg
38,all_souls_000053.jpg
39,all_souls_000054.jpg
40,all_souls_000055.jpg
41,all_souls_000057.jpg
42,all_souls_000059.jpg
43,all_souls_000060.jpg
44,all_souls_000061.jpg
45,all_souls_000062.jpg
46,all_souls_000063.jpg
47,all_souls_000064.jpg
48,all_souls_000065.jpg
49,all_souls_000066.jpg
50,all_souls_000067.jpg
51,all_souls_000068.jpg
52,all_souls_000070.jpg
53,all_souls_000072.jpg
54,all_souls_000073.jpg
55,all_souls_000075.jpg
56,all_souls_000076.jpg
57,all_souls_000080.jpg
58,all_souls_000084.jpg
59,all_souls_000085.jpg
60,all_souls_000087.jpg
61,all_souls_000090.jpg
62,all_souls_000091.jpg
63,all_souls_000093.jpg
64,all_souls_000095.jpg
65,all_souls_000097.jpg
66,all_souls_000099.jpg
67,all_souls_000100.jpg
68,all_souls_000101.jpg
69,all_souls_000102.jpg
70,all_souls_000103.jpg
71,all_souls_000105.jpg
72,all_souls_000106.jpg
73,all_souls_000107.jpg
74,all_souls_000110.jpg
75,all_souls_000114.jpg
76,all_souls_000117.jpg
77,all_souls_000119.jpg
78,all_souls_000120.jpg
79,all_souls_000126.jpg
80,all_souls_000130.jpg
81,all_souls_000131.jpg
82,all_souls_000132.jpg
83,all_souls_000133.jpg
84,all_souls_000134.jpg
85,all_souls_000136.jpg
86,all_souls_000140.jpg
87,all_souls_000142.jpg
88,all_souls_000143.jpg
89,all_souls_000144.jpg
90,all_souls_000145.jpg
91,all_souls_000146.jpg
92,all_souls_000148.jpg
93,all_souls_000149.jpg
94,all_souls_000150.jpg
95,all_souls_000151.jpg
96,all_souls_000152.jpg
97,all_souls_000153.jpg
98,all_souls_000157.jpg
99,all_souls_000159.jpg
100,all_souls_000160.jpg
101,all_souls_000161.jpg
102,all_souls_000162.jpg
103,all_souls_000167.jpg
104,all_souls_000174.jpg
105,all_souls_000175.jpg
106,all_souls_000176.jpg
107,all_souls_000180.jpg
108,all_souls_000181.jpg
109,all_souls_000182.jpg
110,all_souls_000183.jpg
111,all_souls_000184.jpg
112,all_souls_000186.jpg
113,all_souls_000188.jpg
114,all_souls_000190.jpg
115,all_souls_000191.jpg
116,all_souls_000192.jpg
117,all_souls_000193.jpg
118,all_souls_000197.jpg
119,all_souls_000202.jpg
120,all_souls_000205.jpg
121,all_souls_000206.jpg
122,all_souls_000207.jpg
123,all_souls_000208.jpg
124,all_souls_000209.jpg
125,all_souls_000210.jpg
126,all_souls_000213.jpg
127,all_souls_000214.jpg
128,all_souls_000215.jpg
129,all_souls_000216.jpg
130,all_souls_000219.jpg
131,all_souls_000220.jpg
132,ashmolean_000000.jpg
133,ashmolean_000002.jpg
134,ashmolean_000003.jpg
135,ashmolean_000005.jpg
136,ashmolean_000007.jpg
137,ashmolean_000010.jpg
138,ashmolean_000012.jpg
139,ashmolean_000014.jpg
140,ashmolean_000016.jpg
141,ashmolean_000024.jpg
142,ashmolean_000025.jpg
143,ashmolean_000028.jpg
144,ashmolean_000033.jpg
145,ashmolean_000036.jpg
146,ashmolean_000052.jpg
147,ashmolean_000058.jpg
148,ashmolean_000059.jpg
149,ashmolean_000060.jpg
150,ashmolean_000061.jpg
151,ashmolean_000062.jpg
152,ashmolean_000063.jpg
153,ashmolean_000064.jpg
154,ashmolean_000065.jpg
155,ashmolean_000066.jpg
156,ashmolean_000067.jpg
157,ashmolean_000076.jpg
158,ashmolean_000077.jpg
159,ashmolean_000078.jpg
160,ashmolean_000079.jpg
161,ashmolean_000080.jpg
162,ashmolean_000082.jpg
163,ashmolean_000083.jpg
164,ashmolean_000087.jpg
165,ashmolean_000088.jpg
166,ashmolean_000090.jpg
167,ashmolean_000093.jpg
168,ashmolean_000094.jpg
169,ashmolean_000096.jpg
170,ashmolean_000097.jpg
171,ashmolean_000098.jpg
172,ashmolean_000099.jpg
173,ashmolean_000104.jpg
174,ashmolean_000106.jpg
175,ashmolean_000107.jpg
176,ashmolean_000109.jpg
177,ashmolean_000112.jpg
178,ashmolean_000114.jpg
179,ashmolean_000116.jpg
180,ashmolean_000117.jpg
181,ashmolean_000118.jpg
182,ashmolean_000119.jpg
183,ashmolean_000120.jpg
184,ashmolean_000121.jpg
185,ashmolean_000122.jpg
186,ashmolean_000123.jpg
187,ashmolean_000124.jpg
188,ashmolean_000125.jpg
189,ashmolean_000126.jpg
190,ashmolean_000129.jpg
191,ashmolean_000145.jpg
192,ashmolean_000147.jpg
193,ashmolean_000148.jpg
194,ashmolean_000149.jpg
195,ashmolean_000150.jpg
196,ashmolean_000151.jpg
197,ashmolean_000153.jpg
198,ashmolean_000154.jpg
199,ashmolean_000155.jpg
200,ashmolean_000164.jpg
201,ashmolean_000166.jpg
202,ashmolean_000167.jpg
203,ashmolean_000168.jpg
204,ashmolean_000169.jpg
205,ashmolean_000170.jpg
206,ashmolean_000171.jpg
207,ashmolean_000172.jpg
208,ashmolean_000173.jpg
209,ashmolean_000174.jpg
210,ashmolean_000175.jpg
211,ashmolean_000176.jpg
212,ashmolean_000177.jpg
213,ashmolean_000178.jpg
214,ashmolean_000179.jpg
215,ashmolean_000180.jpg
216,ashmolean_000183.jpg
217,ashmolean_000184.jpg
218,ashmolean_000185.jpg
219,ashmolean_000186.jpg
220,ashmolean_000187.jpg
221,ashmolean_000188.jpg
222,ashmolean_000192.jpg
223,ashmolean_000193.jpg
224,ashmolean_000196.jpg
225,ashmolean_000197.jpg
226,ashmolean_000198.jpg
227,ashmolean_000200.jpg
228,ashmolean_000201.jpg
229,ashmolean_000202.jpg
230,ashmolean_000203.jpg
231,ashmolean_000205.jpg
232,ashmolean_000206.jpg
233,ashmolean_000207.jpg
234,ashmolean_000208.jpg
235,ashmolean_000209.jpg
236,ashmolean_000210.jpg
237,ashmolean_000211.jpg
238,ashmolean_000212.jpg
239,ashmolean_000213.jpg
240,ashmolean_000214.jpg
241,ashmolean_000215.jpg
242,ashmolean_000216.jpg
243,ashmolean_000217.jpg
244,ashmolean_000218.jpg
245,ashmolean_000219.jpg
246,ashmolean_000220.jpg
247,ashmolean_000221.jpg
248,ashmolean_000222.jpg
249,ashmolean_000223.jpg
250,ashmolean_000224.jpg
251,ashmolean_000225.jpg
252,ashmolean_000227.jpg
253,ashmolean_000228.jpg
254,ashmolean_000229.jpg
255,ashmolean_000230.jpg
256,ashmolean_000231.jpg
257,ashmolean_000232.jpg
258,ashmolean_000233.jpg
259,ashmolean_000236.jpg
260,ashmolean_000241.jpg
261,ashmolean_000242.jpg
262,ashmolean_000243.jpg
263,ashmolean_000244.jpg
264,ashmolean_000245.jpg
265,ashmolean_000246.jpg
266,ashmolean_000247.jpg
267,ashmolean_000248.jpg
268,ashmolean_000249.jpg
269,ashmolean_000250.jpg
270,ashmolean_000251.jpg
271,ashmolean_000252.jpg
272,ashmolean_000254.jpg
273,ashmolean_000255.jpg
274,ashmolean_000256.jpg
275,ashmolean_000257.jpg
276,ashmolean_000258.jpg
277,ashmolean_000259.jpg
278,ashmolean_000260.jpg
279,ashmolean_000261.jpg
280,ashmolean_000262.jpg
281,ashmolean_000263.jpg
282,ashmolean_000265.jpg
283,ashmolean_000266.jpg
284,ashmolean_000269.jpg
285,ashmolean_000270.jpg
286,ashmolean_000273.jpg
287,ashmolean_000274.jpg
288,ashmolean_000276.jpg
289,ashmolean_000278.jpg
290,ashmolean_000279.jpg
291,ashmolean_000280.jpg
292,ashmolean_000281.jpg
293,ashmolean_000283.jpg
294,ashmolean_000285.jpg
295,ashmolean_000286.jpg
296,ashmolean_000287.jpg
297,ashmolean_000288.jpg
298,ashmolean_000289.jpg
299,ashmolean_000290.jpg
300,ashmolean_000291.jpg
301,ashmolean_000292.jpg
302,ashmolean_000294.jpg
303,ashmolean_000296.jpg
304,ashmolean_000297.jpg
305,ashmolean_000298.jpg
306,ashmolean_000301.jpg
307,ashmolean_000302.jpg
308,ashmolean_000303.jpg
309,ashmolean_000304.jpg
310,ashmolean_000305.jpg
311,ashmolean_000306.jpg
312,ashmolean_000307.jpg
313,ashmolean_000309.jpg
314,ashmolean_000310.jpg
315,ashmolean_000314.jpg
316,ashmolean_000316.jpg
317,ashmolean_000322.jpg
318,ashmolean_000324.jpg
319,ashmolean_000326.jpg
320,ashmolean_000331.jpg
321,ashmolean_000334.jpg
322,ashmolean_000336.jpg
323,ashmolean_000337.jpg
324,ashmolean_000339.jpg
325,ashmolean_000345.jpg
326,ashmolean_000350.jpg
327,balliol_000000.jpg
328,balliol_000007.jpg
329,balliol_000010.jpg
330,balliol_000011.jpg
331,balliol_000012.jpg
332,balliol_000013.jpg
333,balliol_000014.jpg
334,balliol_000015.jpg
335,balliol_000016.jpg
336,balliol_000017.jpg
337,balliol_000018.jpg
338,balliol_000019.jpg
339,balliol_000020.jpg
340,balliol_000021.jpg
341,balliol_000022.jpg
342,balliol_000023.jpg
343,balliol_000024.jpg
344,balliol_000025.jpg
345,balliol_000026.jpg
346,balliol_000027.jpg
347,balliol_000028.jpg
348,balliol_000031.jpg
349,balliol_000032.jpg
350,balliol_000033.jpg
351,balliol_000034.jpg
352,balliol_000035.jpg
353,balliol_000036.jpg
354,balliol_000037.jpg
355,balliol_000038.jpg
356,balliol_000039.jpg
357,balliol_000040.jpg
358,balliol_000042.jpg
359,balliol_000043.jpg
360,balliol_000044.jpg
361,balliol_000045.jpg
362,balliol_000046.jpg
363,balliol_000047.jpg
364,balliol_000048.jpg
365,balliol_000049.jpg
366,balliol_000050.jpg
367,balliol_000051.jpg
368,balliol_000052.jpg
369,balliol_000053.jpg
370,balliol_000054.jpg
371,balliol_000055.jpg
372,balliol_000056.jpg
